,"capital","LABOUR","output","SAVING","DEPR","INVEST","CONSUMP","NET INV"
"t1", 1.000000000000E+02, 1.000000000000E+02, 1.000000000000E+02, 2.000000000000E+01, 3.000000000000E+00, 5.000000000000E+00, 8.000000000000E+01, 1.500000000000E+01
"t2", 1.120000000000E+02, 1.040400000000E+02, 1.063666906182E+02, 2.127333812364E+01, 3.360000000000E+00, 5.600000000000E+00, 8.509335249455E+01, 1.567333812364E+01
"t3", 1.243133381236E+02, 1.061208000000E+02, 1.112796316078E+02, 2.225592632157E+01, 3.729400143709E+00, 6.215666906182E+00, 8.902370528627E+01, 1.604025941539E+01
"t4", 1.366241973953E+02, 1.082432160000E+02, 1.160750202326E+02, 2.321500404652E+01, 4.098725921859E+00, 6.831209869766E+00, 9.286001618609E+01, 1.638379417676E+01
"t5", 1.489092656502E+02, 1.104080803200E+02, 1.207750199055E+02, 2.415500398110E+01, 4.467277969506E+00, 7.445463282511E+00, 9.662001592438E+01, 1.670954069859E+01
"t6", 1.611515283793E+02, 1.126162419264E+02, 1.253981270851E+02, 2.507962541701E+01, 4.834545851379E+00, 8.057576418964E+00, 1.003185016680E+02, 1.702204899805E+01
"t7", 1.733390315260E+02, 1.148685667649E+02, 1.299600145696E+02, 2.599200291393E+01, 5.200170945779E+00, 8.666951576298E+00, 1.039680116557E+02, 1.732505133763E+01
"t8", 1.854639119178E+02, 1.171659381002E+02, 1.344741434443E+02, 2.689482868886E+01, 5.563917357534E+00, 9.273195595890E+00, 1.075793147555E+02, 1.762163309297E+01
"t9", 1.975216276532E+02, 1.195092568622E+02, 1.389522164931E+02, 2.779044329862E+01, 5.925648829597E+00, 9.876081382662E+00, 1.111617731945E+02, 1.791436191596E+01
"t10", 2.095103407396E+02, 1.218994419995E+02, 1.434045203668E+02, 2.868090407336E+01, 6.285310222188E+00, 1.047551703698E+01, 1.147236162935E+02, 1.820538703638E+01
"t11", 2.214304175538E+02, 1.243374308395E+02, 1.478401880419E+02, 2.956803760838E+01, 6.642912526614E+00, 1.107152087769E+01, 1.182721504335E+02, 1.849651673069E+01
"t12", 2.332840217579E+02, 1.268241794563E+02, 1.522674030942E+02, 3.045348061883E+01, 6.998520652736E+00, 1.166420108789E+01, 1.218139224753E+02, 1.878927953094E+01
"t13", 2.450747806361E+02, 1.293606630454E+02, 1.566935607875E+02, 3.133871215750E+01, 7.352243419083E+00, 1.225373903180E+01, 1.253548486300E+02, 1.908497312570E+01
"t14", 2.568075103427E+02, 1.319478763063E+02, 1.611253966284E+02, 3.222507932568E+01, 7.704225310281E+00, 1.284037551714E+01, 1.289003173027E+02, 1.938470380854E+01
"t15", 2.684879888410E+02, 1.345868338324E+02, 1.655690900757E+02, 3.311381801513E+01, 8.054639665229E+00, 1.342439944205E+01, 1.324552720605E+02, 1.968941857308E+01
"t16", 2.801227677488E+02, 1.372785705091E+02, 1.700303490440E+02, 3.400606980881E+01, 8.403683032465E+00, 1.400613838744E+01, 1.360242792352E+02, 1.999993142137E+01
"t17", 2.917190161377E+02, 1.400241419192E+02, 1.745144793925E+02, 3.490289587851E+01, 8.751570484132E+00, 1.458595080689E+01, 1.396115835140E+02, 2.031694507162E+01
"t18", 3.032843907252E+02, 1.428246247576E+02, 1.790264425536E+02, 3.580528851071E+01, 9.098531721756E+00, 1.516421953626E+01, 1.432211540429E+02, 2.064106897445E+01
"t19", 3.148269279779E+02, 1.456811172528E+02, 1.835709037064E+02, 3.671418074128E+01, 9.444807839337E+00, 1.574134639890E+01, 1.468567229651E+02, 2.097283434238E+01
"t20", 3.263549544810E+02, 1.485947395978E+02, 1.881522723459E+02, 3.763045446918E+01, 9.790648634429E+00, 1.631774772405E+01, 1.505218178767E+02, 2.131270674513E+01
"t21", 3.378770125917E+02, 1.515666343898E+02, 1.927747366859E+02, 3.855494733718E+01, 1.013631037775E+01, 1.689385062958E+01, 1.542197893487E+02, 2.166109670760E+01
"t22", 3.494017989215E+02, 1.545979670776E+02, 1.974422930267E+02, 3.948845860533E+01, 1.048205396765E+01, 1.747008994608E+01, 1.579538344213E+02, 2.201836865926E+01
"t23", 3.609381136131E+02, 1.576899264191E+02, 2.021587709803E+02, 4.043175419606E+01, 1.082814340839E+01, 1.804690568066E+01, 1.617270167842E+02, 2.238484851540E+01
"t24", 3.724948187201E+02, 1.608437249475E+02, 2.069278552681E+02, 4.138557105362E+01, 1.117484456160E+01, 1.862474093601E+01, 1.655422842145E+02, 2.276083011762E+01
"t25", 3.840808042761E+02, 1.640605994465E+02, 2.117531046629E+02, 4.235062093257E+01, 1.152242412828E+01, 1.920404021381E+01, 1.694024837303E+02, 2.314658071876E+01
"t26", 3.957049608666E+02, 1.673418114354E+02, 2.166379685402E+02, 4.332759370804E+01, 1.187114882600E+01, 1.978524804333E+01, 1.733103748322E+02, 2.354234566471E+01
"t27", 4.073761577053E+02, 1.706886476641E+02, 2.215858014177E+02, 4.431716028354E+01, 1.222128473116E+01, 2.036880788527E+01, 1.772686411342E+02, 2.394835239827E+01
"t28", 4.191032253724E+02, 1.741024206174E+02, 2.265998757911E+02, 4.531997515822E+01, 1.257309676117E+01, 2.095516126862E+01, 1.812799006329E+02, 2.436481388960E+01
"t29", 4.308949425009E+02, 1.775844690297E+02, 2.316833935240E+02, 4.633667870480E+01, 1.292684827503E+01, 2.154474712504E+01, 1.853467148192E+02, 2.479193157975E+01
"t30", 4.427600258056E+02, 1.811361584103E+02, 2.368394960022E+02, 4.736789920044E+01, 1.328280077417E+01, 2.213800129028E+01, 1.894715968018E+02, 2.522989791016E+01
"t31", 4.547071229416E+02, 1.847588815785E+02, 2.420712732301E+02, 4.841425464603E+01, 1.364121368825E+01, 2.273535614708E+01, 1.936570185841E+02, 2.567889849895E+01
"t32", 4.667448077523E+02, 1.884540592101E+02, 2.473817720164E+02, 4.947635440328E+01, 1.400234423257E+01, 2.333724038761E+01, 1.979054176131E+02, 2.613911401567E+01
"t33", 4.788815775354E+02, 1.922231403943E+02, 2.527740033736E+02, 5.055480067473E+01, 1.436644732606E+01, 2.394407887677E+01, 2.022192026989E+02, 2.661072179796E+01
"t34", 4.911258520073E+02, 1.960676032022E+02, 2.582509492374E+02, 5.165018984748E+01, 1.473377556022E+01, 2.455629260036E+01, 2.066007593899E+02, 2.709389724712E+01
"t35", 5.034859736942E+02, 1.999889552662E+02, 2.638155685936E+02, 5.276311371871E+01, 1.510457921083E+01, 2.517429868471E+01, 2.110524548749E+02, 2.758881503401E+01
"t36", 5.159702095174E+02, 2.039887343716E+02, 2.694708030900E+02, 5.389416061800E+01, 1.547910628552E+01, 2.579851047587E+01, 2.155766424720E+02, 2.809565014214E+01
"t37", 5.285867533740E+02, 2.080685090590E+02, 2.752195821981E+02, 5.504391643961E+01, 1.585760260122E+01, 2.642933766870E+01, 2.201756657584E+02, 2.861457877091E+01
"t38", 5.413437295437E+02, 2.122298792402E+02, 2.810648279791E+02, 5.621296559581E+01, 1.624031188631E+01, 2.706718647718E+01, 2.248518623833E+02, 2.914577911863E+01
"t39", 5.542491967760E+02, 2.164744768250E+02, 2.870094595048E+02, 5.740189190095E+01, 1.662747590328E+01, 2.771245983880E+01, 2.296075676038E+02, 2.968943206215E+01
"t40", 5.673111529349E+02, 2.208039663615E+02, 2.930563969725E+02, 5.861127939449E+01, 1.701933458805E+01, 2.836555764674E+01, 2.344451175780E+02, 3.024572174775E+01
"t41", 5.805375400946E+02, 2.252200456887E+02, 2.992085655518E+02, 5.984171311037E+01, 1.741612620284E+01, 2.902687700473E+01, 2.393668524415E+02, 3.081483610564E+01
"t42", 5.939362499974E+02, 2.297244466025E+02, 3.054688989941E+02, 6.109377979881E+01, 1.781808749992E+01, 2.969681249987E+01, 2.443751191953E+02, 3.139696729895E+01
"t43", 6.075151297964E+02, 2.343189355345E+02, 3.118403430314E+02, 6.236806860628E+01, 1.822545389389E+01, 3.037575648982E+01, 2.494722744251E+02, 3.199231211646E+01
"t44", 6.212819880190E+02, 2.390053142452E+02, 3.183258585908E+02, 6.366517171816E+01, 1.863845964057E+01, 3.106409940095E+01, 2.546606868726E+02, 3.260107231721E+01
"t45", 6.352446006956E+02, 2.437854205301E+02, 3.249284248427E+02, 6.498568496854E+01, 1.905733802087E+01, 3.176223003478E+01, 2.599427398741E+02, 3.322345493376E+01
"t46", 6.494107176085E+02, 2.486611289407E+02, 3.316510421042E+02, 6.633020842084E+01, 1.948232152825E+01, 3.247053588042E+01, 2.653208336834E+02, 3.385967254042E+01
"t47", 6.637880686206E+02, 2.536343515196E+02, 3.384967346123E+02, 6.769934692246E+01, 1.991364205862E+01, 3.318940343103E+01, 2.707973876898E+02, 3.450994349143E+01
"t48", 6.783843700535E+02, 2.587070385499E+02, 3.454685531822E+02, 6.909371063643E+01, 2.035153110160E+01, 3.391921850267E+01, 2.763748425457E+02, 3.517449213376E+01
"t49", 6.932073310856E+02, 2.638811793209E+02, 3.525695777634E+02, 7.051391555269E+01, 2.079621993257E+01, 3.466036655428E+01, 2.820556622107E+02, 3.585354899841E+01
"t50", 7.082646601515E+02, 2.691588029074E+02, 3.598029199063E+02, 7.196058398125E+01, 2.124793980454E+01, 3.541323300757E+01, 2.878423359250E+02, 3.654735097368E+01
"t51", 7.235640713206E+02, 2.745419789655E+02, 3.671717251469E+02, 7.343434502939E+01, 2.170692213962E+01, 3.617820356603E+01, 2.937373801175E+02, 3.725614146336E+01
"t52", 7.391132906443E+02, 2.800328185448E+02, 3.746791753229E+02, 7.493583506459E+01, 2.217339871933E+01, 3.695566453222E+01, 2.997433402584E+02, 3.798017053237E+01
"t53", 7.549200624574E+02, 2.856334749157E+02, 3.823284908255E+02, 7.646569816510E+01, 2.264760187372E+01, 3.774600312287E+01, 3.058627926604E+02, 3.871969504223E+01
"t54", 7.709921556259E+02, 2.913461444140E+02, 3.901229327971E+02, 7.802458655943E+01, 2.312976466878E+01, 3.854960778129E+01, 3.120983462377E+02, 3.947497877813E+01
"t55", 7.873373697352E+02, 2.971730673023E+02, 3.980658052812E+02, 7.961316105624E+01, 2.362012109206E+01, 3.936686848676E+01, 3.184526442250E+02, 4.024629256948E+01
"t56", 8.039635412127E+02, 3.031165286484E+02, 4.061604573295E+02, 8.123209146589E+01, 2.411890623638E+01, 4.019817706063E+01, 3.249283658636E+02, 4.103391440526E+01
"t57", 8.208785493815E+02, 3.091788592213E+02, 4.144102850734E+02, 8.288205701468E+01, 2.462635648145E+01, 4.104392746908E+01, 3.315282280587E+02, 4.183812954560E+01
"t58", 8.380903224457E+02, 3.153624364057E+02, 4.228187337643E+02, 8.456374675286E+01, 2.514270967337E+01, 4.190451612228E+01, 3.382549870114E+02, 4.265923063058E+01
"t59", 8.556068434029E+02, 3.216696851339E+02, 4.313892997871E+02, 8.627785995742E+01, 2.566820530209E+01, 4.278034217014E+01, 3.451114398297E+02, 4.349751778728E+01
"t60", 8.734361558881E+02, 3.281030788365E+02, 4.401255326519E+02, 8.802510653038E+01, 2.620308467664E+01, 4.367180779440E+01, 3.521004261215E+02, 4.435329873597E+01
"t61", 8.915863699474E+02, 3.346651404133E+02, 4.490310369673E+02, 8.980620739346E+01, 2.674759109842E+01, 4.457931849737E+01, 3.592248295738E+02, 4.522688889609E+01
"t62", 9.100656677451E+02, 3.413584432215E+02, 4.581094743996E+02, 9.162189487993E+01, 2.730197003235E+01, 4.550328338725E+01, 3.664875795197E+02, 4.611861149268E+01
"t63", 9.288823092054E+02, 3.481856120860E+02, 4.673645656208E+02, 9.347291312417E+01, 2.786646927616E+01, 4.644411546027E+01, 3.738916524967E+02, 4.702879766389E+01
"t64", 9.480446375931E+02, 3.551493243277E+02, 4.768000922484E+02, 9.536001844968E+01, 2.844133912779E+01, 4.740223187966E+01, 3.814400737987E+02, 4.795778657002E+01
"t65", 9.675610850354E+02, 3.622523108142E+02, 4.864198987807E+02, 9.728397975614E+01, 2.902683255106E+01, 4.837805425177E+01, 3.891359190246E+02, 4.890592550437E+01
"t66", 9.874401779887E+02, 3.694973570305E+02, 4.962278945301E+02, 9.924557890601E+01, 2.962320533966E+01, 4.937200889943E+01, 3.969823156241E+02, 4.987357000658E+01
"t67", 1.007690542656E+03, 3.768873041711E+02, 5.062280555560E+02, 1.012456111112E+02, 3.023071627967E+01, 5.038452713278E+01, 4.049824444448E+02, 5.086108397842E+01
"t68", 1.028320910354E+03, 3.844250502546E+02, 5.164244266019E+02, 1.032848853204E+02, 3.084962731063E+01, 5.141604551772E+01, 4.131395412815E+02, 5.186883980266E+01
"t69", 1.049340122846E+03, 3.921135512597E+02, 5.268211230362E+02, 1.053642246072E+02, 3.148020368539E+01, 5.246700614232E+01, 4.214568984290E+02, 5.289721846492E+01
"t70", 1.070757137626E+03, 3.999558222848E+02, 5.374223328018E+02, 1.074844665604E+02, 3.212271412878E+01, 5.353785688130E+01, 4.299378662415E+02, 5.394660967907E+01
"t71", 1.092581033176E+03, 4.079549387305E+02, 5.482323183743E+02, 1.096464636749E+02, 3.277743099529E+01, 5.462905165881E+01, 4.385858546994E+02, 5.501741201605E+01
"t72", 1.114821014197E+03, 4.161140375052E+02, 5.592554187317E+02, 1.118510837463E+02, 3.344463042591E+01, 5.574105070985E+01, 4.474043349853E+02, 5.611003303648E+01
"t73", 1.137486416808E+03, 4.244363182553E+02, 5.704960513379E+02, 1.140992102676E+02, 3.412459250423E+01, 5.687432084038E+01, 4.563968410703E+02, 5.722488942720E+01
"t74", 1.160586713731E+03, 4.329250446204E+02, 5.819587141411E+02, 1.163917428282E+02, 3.481760141192E+01, 5.802933568653E+01, 4.655669713128E+02, 5.836240714169E+01
"t75", 1.184131519460E+03, 4.415835455128E+02, 5.936479875889E+02, 1.187295975178E+02, 3.552394558381E+01, 5.920657597301E+01, 4.749183900711E+02, 5.952302154476E+01
"t76", 1.208130595421E+03, 4.504152164230E+02, 6.055685366624E+02, 1.211137073325E+02, 3.624391786264E+01, 6.040652977106E+01, 4.844548293300E+02, 6.070717756143E+01
"t77", 1.232593855120E+03, 4.594235207515E+02, 6.177251129303E+02, 1.235450225861E+02, 3.697781565360E+01, 6.162969275600E+01, 4.941800903442E+02, 6.191532983006E+01
"t78", 1.257531369296E+03, 4.686119911665E+02, 6.301225566244E+02, 1.260245113249E+02, 3.772594107889E+01, 6.287656846482E+01, 5.040980452995E+02, 6.314794286006E+01
"t79", 1.282953371078E+03, 4.779842309898E+02, 6.427657987394E+02, 1.285531597479E+02, 3.848860113233E+01, 6.414766855388E+01, 5.142126389915E+02, 6.440549119400E+01
"t80", 1.308870261139E+03, 4.875439156096E+02, 6.556598631565E+02, 1.311319726313E+02, 3.926610783418E+01, 6.544351305697E+01, 5.245278905252E+02, 6.568845957434E+01
"t81", 1.335292612879E+03, 4.972947939218E+02, 6.688098687939E+02, 1.337619737588E+02, 4.005877838638E+01, 6.676463064397E+01, 5.350478950351E+02, 6.699734311480E+01
"t82", 1.362231177608E+03, 5.072406898003E+02, 6.822210317845E+02, 1.364442063569E+02, 4.086693532824E+01, 6.811155888039E+01, 5.457768254276E+02, 6.833264747651E+01
"t83", 1.389696889756E+03, 5.173855035963E+02, 6.958986676836E+02, 1.391797335367E+02, 4.169090669268E+01, 6.948484448781E+01, 5.567189341469E+02, 6.969488904891E+01
"t84", 1.417700872112E+03, 5.277332136682E+02, 7.098481937056E+02, 1.419696387411E+02, 4.253102616337E+01, 7.088504360562E+01, 5.678785549644E+02, 7.108459513549E+01
"t85", 1.446254441085E+03, 5.382878779416E+02, 7.240751309940E+02, 1.448150261988E+02, 4.338763323254E+01, 7.231272205423E+01, 5.792601047952E+02, 7.250230414457E+01
"t86", 1.475369111997E+03, 5.490536355004E+02, 7.385851069237E+02, 1.477170213847E+02, 4.426107335990E+01, 7.376845559983E+01, 5.908680855390E+02, 7.394856578491E+01
"t87", 1.505056604422E+03, 5.600347082104E+02, 7.533838574382E+02, 1.506767714876E+02, 4.515169813265E+01, 7.525283022108E+01, 6.027070859505E+02, 7.542394126656E+01
"t88", 1.535328847555E+03, 5.712354023746E+02, 7.684772294220E+02, 1.536954458844E+02, 4.605986542666E+01, 7.676644237777E+01, 6.147817835376E+02, 7.692900350663E+01
"t89", 1.566197985635E+03, 5.826601104221E+02, 7.838711831110E+02, 1.567742366222E+02, 4.698593956906E+01, 7.830989928177E+01, 6.270969464888E+02, 7.846433734043E+01
"t90", 1.597676383407E+03, 5.943133126305E+02, 7.995717945405E+02, 1.599143589081E+02, 4.793029150220E+01, 7.988381917034E+01, 6.396574356324E+02, 8.003053973776E+01
"t91", 1.629776631642E+03, 6.061995788832E+02, 8.155852580331E+02, 1.631170516066E+02, 4.889329894927E+01, 8.148883158212E+01, 6.524682064265E+02, 8.162822002451E+01
"t92", 1.662511552718E+03, 6.183235704608E+02, 8.319178887281E+02, 1.663835777456E+02, 4.987534658153E+01, 8.312557763588E+01, 6.655343109825E+02, 8.325800010974E+01
"t93", 1.695894206246E+03, 6.306900418700E+02, 8.485761251520E+02, 1.697152250304E+02, 5.087682618737E+01, 8.479471031229E+01, 6.788609001216E+02, 8.492051471811E+01
"t94", 1.729937894777E+03, 6.433038427074E+02, 8.655665318338E+02, 1.731133063668E+02, 5.189813684330E+01, 8.649689473883E+01, 6.924532254671E+02, 8.661641162794E+01
"t95", 1.764656169561E+03, 6.561699195616E+02, 8.828958019643E+02, 1.765791603929E+02, 5.293968508684E+01, 8.823280847806E+01, 7.063166415714E+02, 8.834635191480E+01
"t96", 1.800062836389E+03, 6.692933179528E+02, 9.005707601014E+02, 1.801141520203E+02, 5.400188509167E+01, 9.000314181946E+01, 7.204566080811E+02, 9.011101020083E+01
"t97", 1.836171961498E+03, 6.826791843119E+02, 9.185983649237E+02, 1.837196729847E+02, 5.508515884495E+01, 9.180859807492E+01, 7.348786919390E+02, 9.191107490983E+01
"t98", 1.872997877563E+03, 6.963327679981E+02, 9.369857120318E+02, 1.873971424064E+02, 5.618993632690E+01, 9.364989387816E+01, 7.495885696254E+02, 9.374724852820E+01
"t99", 1.910555189764E+03, 7.102594233581E+02, 9.557400367998E+02, 1.911480073600E+02, 5.731665569293E+01, 9.552775948822E+01, 7.645920294398E+02, 9.562024787173E+01
"t100", 1.948858781943E+03, 7.244646118252E+02, 9.748687172787E+02, 1.949737434557E+02, 5.846576345830E+01, 9.744293909716E+01, 7.798949738229E+02, 9.753080435857E+01
"t101", 1.987923822844E+03, 7.389539040617E+02, 9.943792771517E+02, 1.988758554303E+02, 5.963771468531E+01, 9.939619114218E+01, 7.955034217213E+02, 9.947966428815E+01
"t102", 2.027765772446E+03, 7.537329821430E+02, 1.014279388744E+03, 2.028558777487E+02, 6.083297317339E+01, 1.013882886223E+02, 8.114235109949E+02, 1.014675891264E+02
"t103", 2.068400388399E+03, 7.688076417858E+02, 1.034576876086E+03, 2.069153752173E+02, 6.205201165198E+01, 1.034200194200E+02, 8.276615008691E+02, 1.034953557973E+02
"t104", 2.109843732545E+03, 7.841837946216E+02, 1.055279718039E+03, 2.110559436079E+02, 6.329531197634E+01, 1.054921866272E+02, 8.442237744314E+02, 1.055637569806E+02
"t105", 2.152112177549E+03, 7.998674705140E+02, 1.076396051470E+03, 2.152792102940E+02, 6.456336532647E+01, 1.076056088775E+02, 8.611168411758E+02, 1.076736014165E+02
"t106", 2.195222413639E+03, 8.158648199243E+02, 1.097934174492E+03, 2.195868348983E+02, 6.585667240917E+01, 1.097611206820E+02, 8.783473395933E+02, 1.098257142164E+02
"t107", 2.239191455446E+03, 8.321821163227E+02, 1.119902549765E+03, 2.239805099529E+02, 6.717574366339E+01, 1.119595727723E+02, 8.959220398118E+02, 1.120209371806E+02
"t108", 2.284036648964E+03, 8.488257586492E+02, 1.142309807857E+03, 2.284619615714E+02, 6.852109946891E+01, 1.142018324482E+02, 9.138478462858E+02, 1.142601291233E+02
"t109", 2.329775678618E+03, 8.658022738222E+02, 1.165164750671E+03, 2.330329501342E+02, 6.989327035854E+01, 1.164887839309E+02, 9.321318005367E+02, 1.165441662033E+02
"t110", 2.376426574463E+03, 8.831183192986E+02, 1.188476354932E+03, 2.376952709864E+02, 7.129279723388E+01, 1.188213287231E+02, 9.507810839458E+02, 1.188739422633E+02
"t111", 2.424007719492E+03, 9.007806856846E+02, 1.212253775749E+03, 2.424507551498E+02, 7.272023158476E+01, 1.212003859746E+02, 9.698030205993E+02, 1.212503691752E+02
"t112", 2.472537857083E+03, 9.187962993983E+02, 1.236506350237E+03, 2.473012700474E+02, 7.417613571248E+01, 1.236268928541E+02, 9.892050801897E+02, 1.236743771933E+02
"t113", 2.522036098563E+03, 9.371722253863E+02, 1.261243601214E+03, 2.522487202427E+02, 7.566108295690E+01, 1.261018049282E+02, 1.008994880971E+03, 1.261469153146E+02
"t114", 2.572521930921E+03, 9.559156698940E+02, 1.286475240965E+03, 2.572950481929E+02, 7.717565792763E+01, 1.286260965461E+02, 1.029180192772E+03, 1.286689516469E+02
"t115", 2.624015224640E+03, 9.750339832919E+02, 1.312211175083E+03, 2.624422350167E+02, 7.872045673921E+01, 1.312007612320E+02, 1.049768940067E+03, 1.312414737846E+02
"t116", 2.676536241686E+03, 9.945346629577E+02, 1.338461506383E+03, 2.676923012766E+02, 8.029608725057E+01, 1.338268120843E+02, 1.070769205106E+03, 1.338654891923E+02
"t117", 2.730105643627E+03, 1.014425356217E+03, 1.365236538886E+03, 2.730473077773E+02, 8.190316930882E+01, 1.365052821814E+02, 1.092189231109E+03, 1.365420255959E+02
"t118", 2.784744499914E+03, 1.034713863341E+03, 1.392546781892E+03, 2.785093563785E+02, 8.354233499743E+01, 1.392372249957E+02, 1.114037425514E+03, 1.392721313828E+02
"t119", 2.840474296300E+03, 1.055408140608E+03, 1.420402954122E+03, 2.840805908244E+02, 8.521422888899E+01, 1.420237148150E+02, 1.136322363298E+03, 1.420568760094E+02
"t120", 2.897316943420E+03, 1.076516303420E+03, 1.448815987945E+03, 2.897631975889E+02, 8.691950830261E+01, 1.448658471710E+02, 1.159052790356E+03, 1.448973504179E+02
"t121", 2.955294785536E+03, 1.098046629489E+03, 1.477797033687E+03, 2.955594067373E+02, 8.865884356607E+01, 1.477647392768E+02, 1.182237626949E+03, 1.477946674606E+02
"t122", 3.014430609430E+03, 1.120007562078E+03, 1.507357464027E+03, 3.014714928054E+02, 9.043291828290E+01, 1.507215304715E+02, 1.205885971222E+03, 1.507499623339E+02
"t123", 3.074747653481E+03, 1.142407713320E+03, 1.537508878475E+03, 3.075017756951E+02, 9.224242960443E+01, 1.537373826741E+02, 1.230007102780E+03, 1.537643930210E+02
"t124", 3.136269616898E+03, 1.165255867586E+03, 1.568263107941E+03, 3.136526215881E+02, 9.408808850693E+01, 1.568134808449E+02, 1.254610486352E+03, 1.568391407432E+02
"t125", 3.199020669134E+03, 1.188560984938E+03, 1.599632219388E+03, 3.199264438777E+02, 9.597062007402E+01, 1.599510334567E+02, 1.279705775511E+03, 1.599754104210E+02
"t126", 3.263025459481E+03, 1.212332204637E+03, 1.631628520590E+03, 3.263257041179E+02, 9.789076378443E+01, 1.631512729740E+02, 1.305302816472E+03, 1.631744311439E+02
"t127", 3.328309126840E+03, 1.236578848730E+03, 1.664264564965E+03, 3.328529129930E+02, 9.984927380521E+01, 1.664154563420E+02, 1.331411651972E+03, 1.664374566510E+02
"t128", 3.394897309686E+03, 1.261310425704E+03, 1.697553156521E+03, 3.395106313043E+02, 1.018469192906E+02, 1.697448654843E+02, 1.358042525217E+03, 1.697657658200E+02
"t129", 3.462816156216E+03, 1.286536634218E+03, 1.731507354889E+03, 3.463014709777E+02, 1.038844846865E+02, 1.731408078108E+02, 1.385205883911E+03, 1.731606631669E+02
"t130", 3.532092334696E+03, 1.312267366903E+03, 1.766140480455E+03, 3.532280960909E+02, 1.059627700409E+02, 1.766046167348E+02, 1.412912384364E+03, 1.766234793561E+02
"t131", 3.602753044011E+03, 1.338512714241E+03, 1.801466119603E+03, 3.602932239206E+02, 1.080825913203E+02, 1.801376522006E+02, 1.441172895682E+03, 1.801555717200E+02
"t132", 3.674826024411E+03, 1.365282968525E+03, 1.837498130052E+03, 3.674996260104E+02, 1.102447807323E+02, 1.837413012205E+02, 1.469998504042E+03, 1.837583247898E+02
"t133", 3.748339568468E+03, 1.392588627896E+03, 1.874250646303E+03, 3.748501292605E+02, 1.124501870541E+02, 1.874169784234E+02, 1.499400517042E+03, 1.874331508371E+02
"t134", 3.823322532252E+03, 1.420440400454E+03, 1.911738085192E+03, 3.823476170384E+02, 1.146996759675E+02, 1.911661266126E+02, 1.529390468153E+03, 1.911814904258E+02
"t135", 3.899804346710E+03, 1.448849208463E+03, 1.949975151557E+03, 3.899950303114E+02, 1.169941304013E+02, 1.949902173355E+02, 1.559980121246E+03, 1.950048129759E+02
"t136", 3.977815029284E+03, 1.477826192632E+03, 1.988976844013E+03, 3.977953688027E+02, 1.193344508785E+02, 1.988907514642E+02, 1.591181475211E+03, 1.989046173385E+02
"t137", 4.057385195744E+03, 1.507382716485E+03, 2.028758460845E+03, 4.057516921690E+02, 1.217215558723E+02, 2.028692597872E+02, 1.623006768676E+03, 2.028824323817E+02
"t138", 4.138546072254E+03, 1.537530370815E+03, 2.069335606013E+03, 4.138671212026E+02, 1.241563821676E+02, 2.069273036127E+02, 1.655468484810E+03, 2.069398175899E+02
"t139", 4.221329507676E+03, 1.568280978231E+03, 2.110724195284E+03, 4.221448390569E+02, 1.266398852303E+02, 2.110664753838E+02, 1.688579356228E+03, 2.110783636731E+02
"t140", 4.305767986119E+03, 1.599646597795E+03, 2.152940462482E+03, 4.305880924964E+02, 1.291730395836E+02, 2.152883993059E+02, 1.722352369986E+03, 2.152996931905E+02
"t141", 4.391894639726E+03, 1.631639529751E+03, 2.196000965857E+03, 4.392001931715E+02, 1.317568391918E+02, 2.195947319863E+02, 1.756800772686E+03, 2.196054611852E+02
"t142", 4.479743261719E+03, 1.664272320346E+03, 2.239922594592E+03, 4.479845189184E+02, 1.343922978516E+02, 2.239871630860E+02, 1.791938075674E+03, 2.239973558325E+02
"t143", 4.569348319700E+03, 1.697557766753E+03, 2.284722575430E+03, 4.569445150859E+02, 1.370804495910E+02, 2.284674159850E+02, 1.827778060344E+03, 2.284770991009E+02
"t144", 4.660744969210E+03, 1.731508922088E+03, 2.330418479435E+03, 4.660836958871E+02, 1.398223490763E+02, 2.330372484605E+02, 1.864334783548E+03, 2.330464474266E+02
"t145", 4.753969067560E+03, 1.766139100530E+03, 2.377028228895E+03, 4.754056457791E+02, 1.426190720268E+02, 2.376984533780E+02, 1.901622583116E+03, 2.377071924010E+02
"t146", 4.849057187934E+03, 1.801461882541E+03, 2.424570104350E+03, 4.849140208700E+02, 1.454717156380E+02, 2.424528593967E+02, 1.939656083480E+03, 2.424611614733E+02
"t147", 4.946046633770E+03, 1.837491120192E+03, 2.473062751769E+03, 4.946125503538E+02, 1.483813990131E+02, 2.473023316885E+02, 1.978450201415E+03, 2.473102186653E+02
"t148", 5.044975453422E+03, 1.874240942595E+03, 2.522525189869E+03, 5.045050379738E+02, 1.513492636027E+02, 2.522487726711E+02, 2.018020151895E+03, 2.522562653027E+02
"t149", 5.145882455122E+03, 1.911725761447E+03, 2.572976817577E+03, 5.145953635155E+02, 1.543764736537E+02, 2.572941227561E+02, 2.058381454062E+03, 2.573012407594E+02
"t150", 5.248807222228E+03, 1.949960276676E+03, 2.624437421644E+03, 5.248874843287E+02, 1.574642166668E+02, 2.624403611114E+02, 2.099549937315E+03, 2.624471232173E+02
"t151", 5.353790128778E+03, 1.988959482210E+03, 2.676927184405E+03, 5.353854368810E+02, 1.606137038633E+02, 2.676895064389E+02, 2.141541747524E+03, 2.676959304421E+02
"t152", 5.460872355357E+03, 2.028738671854E+03, 2.730466691705E+03, 5.460933383410E+02, 1.638261706607E+02, 2.730436177678E+02, 2.184373353364E+03, 2.730497205731E+02
"t153", 5.570095905269E+03, 2.069313445291E+03, 2.785076940970E+03, 5.570153881939E+02, 1.671028771581E+02, 2.785047952635E+02, 2.228061552776E+03, 2.785105929304E+02
"t154", 5.681503621042E+03, 2.110699714197E+03, 2.840779349448E+03, 5.681558698895E+02, 1.704451086313E+02, 2.840751810521E+02, 2.272623479558E+03, 2.840806888375E+02
"t155", 5.795139201248E+03, 2.152913708481E+03, 2.897595762612E+03, 5.795191525224E+02, 1.738541760374E+02, 2.897569600624E+02, 2.318076610090E+03, 2.897621924600E+02
"t156", 5.911047217670E+03, 2.195971982650E+03, 2.955548462731E+03, 5.911096925462E+02, 1.773314165301E+02, 2.955523608835E+02, 2.364438770185E+03, 2.955573316627E+02
"t157", 6.029273132803E+03, 2.239891422303E+03, 3.014660177608E+03, 6.029320355217E+02, 1.808781939841E+02, 3.014636566402E+02, 2.411728142087E+03, 3.014683788815E+02
"t158", 6.149863317700E+03, 2.284689250750E+03, 3.074954089502E+03, 6.149908179004E+02, 1.844958995310E+02, 3.074931658850E+02, 2.459963271602E+03, 3.074976520154E+02
"t159", 6.272865070185E+03, 2.330383035765E+03, 3.136453844217E+03, 6.272907688433E+02, 1.881859521055E+02, 3.136432535092E+02, 2.509163075373E+03, 3.136475153341E+02
"t160", 6.398326633413E+03, 2.376990696480E+03, 3.199183560379E+03, 6.398367120758E+02, 1.919497990024E+02, 3.199163316707E+02, 2.559346848303E+03, 3.199203804051E+02
"t161", 6.526297214816E+03, 2.424530510409E+03, 3.263167838900E+03, 6.526335677800E+02, 1.957889164445E+02, 3.263148607408E+02, 2.610534271120E+03, 3.263187070392E+02
"t162", 6.656827005411E+03, 2.473021120618E+03, 3.328431772626E+03, 6.656863545253E+02, 1.997048101623E+02, 3.328413502705E+02, 2.662745418101E+03, 3.328450042547E+02
"t163", 6.789967199503E+03, 2.522481543030E+03, 3.395000956179E+03, 6.790001912359E+02, 2.036990159851E+02, 3.394983599752E+02, 2.716000764943E+03, 3.395018312607E+02
"t164", 6.925770014779E+03, 2.572931173891E+03, 3.462901495998E+03, 6.925802991997E+02, 2.077731004434E+02, 3.462885007389E+02, 2.770321196799E+03, 3.462917984607E+02
"t165", 7.064288712796E+03, 2.624389797368E+03, 3.532160020579E+03, 7.064320041158E+02, 2.119286613839E+02, 3.532144356398E+02, 2.825728016463E+03, 3.532175684760E+02
"t166", 7.205577619888E+03, 2.676877593316E+03, 3.602803690918E+03, 7.205607381836E+02, 2.161673285966E+02, 3.602788809944E+02, 2.882242952734E+03, 3.602818571892E+02
"t167", 7.349692148481E+03, 2.730415145182E+03, 3.674860211167E+03, 7.349720422334E+02, 2.204907644544E+02, 3.674846074240E+02, 2.939888168934E+03, 3.674874348094E+02
"t168", 7.496688818836E+03, 2.785023448086E+03, 3.748357839500E+03, 7.496715679000E+02, 2.249006645651E+02, 3.748344409418E+02, 2.998686271600E+03, 3.748371269582E+02
"t169", 7.646625281229E+03, 2.840723917047E+03, 3.823325399194E+03, 7.646650798388E+02, 2.293987584369E+02, 3.823312640614E+02, 3.058660319355E+03, 3.823338157773E+02
"t170", 7.799560338569E+03, 2.897538395388E+03, 3.899792289936E+03, 7.799584579873E+02, 2.339868101571E+02, 3.899780169285E+02, 3.119833831949E+03, 3.899804410588E+02
"t171", 7.955553969471E+03, 2.955489163296E+03, 3.977788499356E+03, 7.955576998711E+02, 2.386666190841E+02, 3.977776984736E+02, 3.182230799485E+03, 3.977800013976E+02
"t172", 8.114667351784E+03, 3.014598946562E+03, 4.057344614782E+03, 8.114689229565E+02, 2.434400205535E+02, 4.057333675892E+02, 3.245875691826E+03, 4.057355553672E+02
"t173", 8.276962886598E+03, 3.074890925493E+03, 4.138491835246E+03, 8.276983670491E+02, 2.483088865979E+02, 4.138481443299E+02, 3.310793468196E+03, 4.138502227192E+02
"t174", 8.442504222719E+03, 3.136388744003E+03, 4.221261983710E+03, 8.442523967419E+02, 2.532751266816E+02, 4.221252111360E+02, 3.377009586968E+03, 4.221271856059E+02
"t175", 8.611356281644E+03, 3.199116518883E+03, 4.305687519555E+03, 8.611375039110E+02, 2.583406884493E+02, 4.305678140822E+02, 3.444550015644E+03, 4.305696898288E+02
"t176", 8.783585283023E+03, 3.263098849261E+03, 4.391801551309E+03, 8.783603102617E+02, 2.635075584907E+02, 4.391792641512E+02, 3.513441241047E+03, 4.391810461106E+02
"t177", 8.959258770643E+03, 3.328360826246E+03, 4.479637849629E+03, 8.959275699258E+02, 2.687777631193E+02, 4.479629385322E+02, 3.583710279703E+03, 4.479646313937E+02
"t178", 9.138445638918E+03, 3.394928042771E+03, 4.569230860552E+03, 9.138461721103E+02, 2.741533691675E+02, 4.569222819459E+02, 3.655384688441E+03, 4.569238901644E+02
"t179", 9.321216159914E+03, 3.462826603626E+03, 4.660615718996E+03, 9.321231437991E+02, 2.796364847974E+02, 4.660608079957E+02, 3.728492575197E+03, 4.660623358034E+02
"t180", 9.507642010920E+03, 3.532083135699E+03, 4.753828262547E+03, 9.507656525094E+02, 2.852292603276E+02, 4.753821005460E+02, 3.803062610038E+03, 4.753835519634E+02
"t181", 9.697796302556E+03, 3.602724798413E+03, 4.848905045511E+03, 9.697810091022E+02, 2.909338890767E+02, 4.848898151278E+02, 3.879124036409E+03, 4.848911939744E+02
"t182", 9.891753607454E+03, 3.674779294381E+03, 4.945883353249E+03, 9.891766706497E+02, 2.967526082236E+02, 4.945876803727E+02, 3.956706682599E+03, 4.945889902770E+02
"t183", 1.008958998951E+04, 3.748274880269E+03, 5.044801216799E+03, 1.008960243360E+03, 3.026876996852E+02, 5.044794994754E+02, 4.035840973440E+03, 5.044807438845E+02
"t184", 1.029138303371E+04, 3.823240377874E+03, 5.145697427797E+03, 1.029139485559E+03, 3.087414910112E+02, 5.145691516853E+02, 4.116557942238E+03, 5.145703338741E+02
"t185", 1.049721187657E+04, 3.899705185432E+03, 5.248611553681E+03, 1.049722310736E+03, 3.149163562971E+02, 5.248605938285E+02, 4.198889242945E+03, 5.248617169078E+02
"t186", 1.070715723718E+04, 3.977699289140E+03, 5.353583953217E+03, 1.070716790643E+03, 3.212147171154E+02, 5.353578618590E+02, 4.282867162574E+03, 5.353589287844E+02
"t187", 1.092130144885E+04, 4.057253274923E+03, 5.460655792320E+03, 1.092131158464E+03, 3.276390434655E+02, 5.460650724425E+02, 4.368524633856E+03, 5.460660860216E+02
"t188", 1.113972849141E+04, 4.138398340422E+03, 5.569869060204E+03, 1.113973812041E+03, 3.341918547422E+02, 5.569864245703E+02, 4.455895248163E+03, 5.569873874705E+02
"t189", 1.136252402413E+04, 4.221166307230E+03, 5.681266585843E+03, 1.136253317169E+03, 3.408757207240E+02, 5.681262012067E+02, 4.545013268674E+03, 5.681271159619E+02
"t190", 1.158977541937E+04, 4.305589633375E+03, 5.794892054773E+03, 1.158978410955E+03, 3.476932625811E+02, 5.794887709686E+02, 4.635913643819E+03, 5.794896399861E+02
"t191", 1.182157179678E+04, 4.391701426042E+03, 5.910790026222E+03, 1.182158005244E+03, 3.546471539033E+02, 5.910785898388E+02, 4.728632020977E+03, 5.910794154055E+02
"t192", 1.205800405828E+04, 4.479535454563E+03, 6.029005950581E+03, 1.205801190116E+03, 3.617401217484E+02, 6.029002029139E+02, 4.823204760465E+03, 6.029009872023E+02
"t193", 1.229916492373E+04, 4.569126163654E+03, 6.149586187236E+03, 1.229917237447E+03, 3.689749477120E+02, 6.149582461866E+02, 4.919668949789E+03, 6.149589912606E+02
"t194", 1.254514896728E+04, 4.660508686927E+03, 6.272578022742E+03, 1.254515604548E+03, 3.763544690184E+02, 6.272574483641E+02, 5.018062418193E+03, 6.272581561843E+02
"t195", 1.279605265445E+04, 4.753718860666E+03, 6.398029689370E+03, 1.279605937874E+03, 3.838815796334E+02, 6.398026327224E+02, 5.118423751496E+03, 6.398033051516E+02
"t196", 1.305197437997E+04, 4.848793237879E+03, 6.525990384022E+03, 1.305198076804E+03, 3.915592313990E+02, 6.525987189983E+02, 5.220792307217E+03, 6.525993578061E+02
"t197", 1.331301450637E+04, 4.945769102637E+03, 6.656510287523E+03, 1.331302057505E+03, 3.993904351912E+02, 6.656507253186E+02, 5.325208230019E+03, 6.656513321860E+02
"t198", 1.357927540337E+04, 5.044684484689E+03, 6.789640584304E+03, 1.357928116861E+03, 4.073782621010E+02, 6.789637701684E+02, 5.431712467443E+03, 6.789643466924E+02
"t199", 1.385086148796E+04, 5.145578174383E+03, 6.925433482469E+03, 1.385086696494E+03, 4.155258446388E+02, 6.925430743979E+02, 5.540346785975E+03, 6.925436220958E+02
"t200", 1.412787926542E+04, 5.248489737871E+03, 7.063942234273E+03, 1.412788446855E+03, 4.238363779625E+02, 7.063939632708E+02, 5.651153787418E+03, 7.063944835838E+02
"t201", 1.441043737104E+04, 5.353459532628E+03, 7.205221157005E+03, 1.441044231401E+03, 4.323131211311E+02, 7.205218685518E+02, 5.764176925604E+03, 7.205223628492E+02
"t202", 1.469864661276E+04, 5.460528723281E+03, 7.349325654290E+03, 1.469865130858E+03, 4.409593983827E+02, 7.349323306378E+02, 5.879460523432E+03, 7.349328002202E+02
"t203", 1.499262001459E+04, 5.569739297746E+03, 7.496312237813E+03, 1.499262447563E+03, 4.497786004378E+02, 7.496310007296E+02, 5.997049790250E+03, 7.496314468330E+02
"t204", 1.529247286099E+04, 5.681134083701E+03, 7.646238549485E+03, 1.529247709897E+03, 4.587741858296E+02, 7.646236430494E+02, 6.116990839588E+03, 7.646240668476E+02
"t205", 1.559832274201E+04, 5.794756765375E+03, 7.799163384044E+03, 1.559832676809E+03, 4.679496822602E+02, 7.799161371003E+02, 6.239330707235E+03, 7.799165397086E+02
"t206", 1.591028959945E+04, 5.910651900683E+03, 7.955146712116E+03, 1.591029342423E+03, 4.773086879836E+02, 7.955144799727E+02, 6.364117369693E+03, 7.955148624506E+02
"t207", 1.622849577392E+04, 6.028864938697E+03, 8.114249703730E+03, 1.622849940746E+03, 4.868548732176E+02, 8.114247886961E+02, 6.491399762984E+03, 8.114251520500E+02
"t208", 1.655306605275E+04, 6.149442237471E+03, 8.276534752308E+03, 1.655306950462E+03, 4.965919815826E+02, 8.276533026377E+02, 6.621227801847E+03, 8.276536478240E+02
"t209", 1.688412771899E+04, 6.272431082220E+03, 8.442065499132E+03, 1.688413099826E+03, 5.065238315698E+02, 8.442063859497E+02, 6.753652399306E+03, 8.442067138767E+02
"t210", 1.722181060130E+04, 6.397879703864E+03, 8.610906858304E+03, 1.722181371661E+03, 5.166543180391E+02, 8.610905300651E+02, 6.888725486643E+03, 8.610908415957E+02
"t211", 1.756624712486E+04, 6.525837297942E+03, 8.783125042200E+03, 1.756625008440E+03, 5.269874137458E+02, 8.783123562429E+02, 7.026500033760E+03, 8.783126521970E+02
"t212", 1.791757236331E+04, 6.656354043900E+03, 8.958787587437E+03, 1.791757517487E+03, 5.375271708993E+02, 8.958786181655E+02, 7.167030069949E+03, 8.958788993219E+02
"t213", 1.827592409173E+04, 6.789481124778E+03, 9.137963381359E+03, 1.827592676272E+03, 5.482777227520E+02, 9.137962045866E+02, 7.310370705087E+03, 9.137964716852E+02
"t214", 1.864144284067E+04, 6.925270747274E+03, 9.320722689051E+03, 1.864144537810E+03, 5.592432852200E+02, 9.320721420333E+02, 7.456578151241E+03, 9.320723957769E+02
"t215", 1.901427195122E+04, 7.063776162220E+03, 9.507137180894E+03, 1.901427436179E+03, 5.704281585367E+02, 9.507135975611E+02, 7.605709744715E+03, 9.507138386176E+02
"t216", 1.939455763130E+04, 7.205051685464E+03, 9.697279960670E+03, 1.939455992134E+03, 5.818367289391E+02, 9.697278815652E+02, 7.757823968536E+03, 9.697281105688E+02
"t217", 1.978244901293E+04, 7.349152719173E+03, 9.891225594234E+03, 1.978245118847E+03, 5.934734703880E+02, 9.891224506466E+02, 7.912980475387E+03, 9.891226682001E+02
"t218", 2.017809821075E+04, 7.496135773557E+03, 1.008905013875E+04, 2.017810027750E+03, 6.053429463224E+02, 1.008904910537E+03, 8.071240111001E+03, 1.008905117213E+03
"t219", 2.058166038164E+04, 7.646058489028E+03, 1.029083117253E+04, 2.058166234506E+03, 6.174498114491E+02, 1.029083019082E+03, 8.232664938022E+03, 1.029083215424E+03
"t220", 2.099329378561E+04, 7.798979658808E+03, 1.049664782543E+04, 2.099329565086E+03, 6.297988135683E+02, 1.049664689281E+03, 8.397318260344E+03, 1.049664875805E+03
"t221", 2.141315984785E+04, 7.954959251985E+03, 1.070658080992E+04, 2.141316161983E+03, 6.423947954354E+02, 1.070657992392E+03, 8.565264647934E+03, 1.070658169591E+03
"t222", 2.184142322200E+04, 8.114058437024E+03, 1.092071245270E+04, 2.184142490539E+03, 6.552426966601E+02, 1.092071161100E+03, 8.736569962156E+03, 1.092071329439E+03
"t223", 2.227825185478E+04, 8.276339605765E+03, 1.113912672700E+04, 2.227825345400E+03, 6.683475556435E+02, 1.113912592739E+03, 8.911301381600E+03, 1.113912752661E+03
"t224", 2.272381705180E+04, 8.441866397880E+03, 1.136190928553E+04, 2.272381857106E+03, 6.817145115540E+02, 1.136190852590E+03, 9.089527428423E+03, 1.136191004516E+03
"t225", 2.317829354476E+04, 8.610703725838E+03, 1.158914749403E+04, 2.317829498806E+03, 6.953488063428E+02, 1.158914677238E+03, 9.271317995222E+03, 1.158914821567E+03
"t226", 2.364185955999E+04, 8.782917800354E+03, 1.182093046556E+04, 2.364186093112E+03, 7.092557867996E+02, 1.182092977999E+03, 9.456744372446E+03, 1.182093115112E+03
"t227", 2.411469688830E+04, 8.958576156361E+03, 1.205734909544E+04, 2.411469819087E+03, 7.234409066490E+02, 1.205734844415E+03, 9.645879276349E+03, 1.205734974672E+03
"t228", 2.459699095632E+04, 9.137747679489E+03, 1.229849609688E+04, 2.459699219377E+03, 7.379097286897E+02, 1.229849547816E+03, 9.838796877506E+03, 1.229849671561E+03
"t229", 2.508893089919E+04, 9.320502633078E+03, 1.254446603738E+04, 2.508893207476E+03, 7.526679269758E+02, 1.254446544960E+03, 1.003557282991E+04, 1.254446662517E+03
"t230", 2.559070963473E+04, 9.506912685740E+03, 1.279535537576E+04, 2.559071075153E+03, 7.677212890420E+02, 1.279535481737E+03, 1.023628430061E+04, 1.279535593416E+03
"t231", 2.610252393911E+04, 9.697050939455E+03, 1.305126250003E+04, 2.610252500006E+03, 7.830757181732E+02, 1.305126196955E+03, 1.044101000002E+04, 1.305126303051E+03
"t232", 2.662457452399E+04, 9.890991958244E+03, 1.331228776595E+04, 2.662457553189E+03, 7.987372357196E+02, 1.331228726199E+03, 1.064983021276E+04, 1.331228826990E+03
"t233", 2.715706611526E+04, 1.008881179741E+04, 1.357853353638E+04, 2.715706707277E+03, 8.147119834577E+02, 1.357853305763E+03, 1.086282682911E+04, 1.357853401514E+03
"t234", 2.770020753331E+04, 1.029058803336E+04, 1.385010422147E+04, 2.770020844295E+03, 8.310062259993E+02, 1.385010376666E+03, 1.108008337718E+04, 1.385010467629E+03
"t235", 2.825421177494E+04, 1.049639979402E+04, 1.412710631955E+04, 2.825421263909E+03, 8.476263532482E+02, 1.412710588747E+03, 1.130168505564E+04, 1.412710675162E+03
"t236", 2.881929609686E+04, 1.070632778990E+04, 1.440964845890E+04, 2.881929691780E+03, 8.645788829057E+02, 1.440964804843E+03, 1.152771876712E+04, 1.440964886937E+03
"t237", 2.939568210089E+04, 1.092045434570E+04, 1.469784144039E+04, 2.939568288079E+03, 8.818704630266E+02, 1.469784105044E+03, 1.175827315231E+04, 1.469784183034E+03
"t238", 2.998359582089E+04, 1.113886343262E+04, 1.499179828090E+04, 2.998359656180E+03, 8.995078746268E+02, 1.499179791045E+03, 1.199343862472E+04, 1.499179865135E+03
"t239", 3.058326781140E+04, 1.136164070127E+04, 1.529163425763E+04, 3.058326851526E+03, 9.174980343421E+02, 1.529163390570E+03, 1.223330740610E+04, 1.529163460956E+03
"t240", 3.119493323802E+04, 1.158887351529E+04, 1.559746695334E+04, 3.119493390668E+03, 9.358479971405E+02, 1.559746661901E+03, 1.247797356267E+04, 1.559746728767E+03
"t241", 3.181883196964E+04, 1.182065098560E+04, 1.590941630244E+04, 3.181883260488E+03, 9.545649590893E+02, 1.590941598482E+03, 1.272753304195E+04, 1.590941662005E+03
"t242", 3.245520867256E+04, 1.205706400531E+04, 1.622760463802E+04, 3.245520927603E+03, 9.736562601768E+02, 1.622760433628E+03, 1.298208371041E+04, 1.622760493975E+03
"t243", 3.310431290636E+04, 1.229820528542E+04, 1.655215673983E+04, 3.310431347966E+03, 9.931293871908E+02, 1.655215645318E+03, 1.324172539186E+04, 1.655215702648E+03
"t244", 3.376639922182E+04, 1.254416939113E+04, 1.688319988322E+04, 3.376639976645E+03, 1.012991976654E+03, 1.688319961091E+03, 1.350655990658E+04, 1.688320015554E+03
"t245", 3.444172726071E+04, 1.279505277895E+04, 1.722086388906E+04, 3.444172777812E+03, 1.033251817821E+03, 1.722086363036E+03, 1.377669111125E+04, 1.722086414776E+03
"t246", 3.513056185767E+04, 1.305095383453E+04, 1.756528117460E+04, 3.513056234920E+03, 1.053916855730E+03, 1.756528092883E+03, 1.405222493968E+04, 1.756528142037E+03
"t247", 3.583317314398E+04, 1.331197291122E+04, 1.791658680546E+04, 3.583317361093E+03, 1.074995194319E+03, 1.791658657199E+03, 1.433326944437E+04, 1.791658703894E+03
"t248", 3.654983665355E+04, 1.357821236944E+04, 1.827491854858E+04, 3.654983709716E+03, 1.096495099607E+03, 1.827491832678E+03, 1.461993483886E+04, 1.827491877038E+03
"t249", 3.728083343098E+04, 1.384977661683E+04, 1.864041692620E+04, 3.728083385241E+03, 1.118425002929E+03, 1.864041671549E+03, 1.491233354096E+04, 1.864041713692E+03
"t250", 3.802645014174E+04, 1.412677214917E+04, 1.901322527105E+04, 3.802645054210E+03, 1.140793504252E+03, 1.901322507087E+03, 1.521058021684E+04, 1.901322547123E+03
"t251", 3.878697918461E+04, 1.440930759215E+04, 1.939348978248E+04, 3.878697956495E+03, 1.163609375538E+03, 1.939348959231E+03, 1.551479182598E+04, 1.939348997264E+03
"t252", 3.956271880634E+04, 1.469749374400E+04, 1.978135958383E+04, 3.956271916766E+03, 1.186881564190E+03, 1.978135940317E+03, 1.582508766706E+04, 1.978135976449E+03
"t253", 4.035397321860E+04, 1.499144361888E+04, 2.017698678093E+04, 4.035397356185E+03, 1.210619196558E+03, 2.017698660930E+03, 1.614158942474E+04, 2.017698695255E+03
"t254", 4.116105271730E+04, 1.529127249125E+04, 2.058052652169E+04, 4.116105304339E+03, 1.234831581519E+03, 2.058052635865E+03, 1.646442121736E+04, 2.058052668474E+03
"t255", 4.198427380425E+04, 1.559709794108E+04, 2.099213705702E+04, 4.198427411404E+03, 1.259528214128E+03, 2.099213690213E+03, 1.679370964562E+04, 2.099213721191E+03
"t256", 4.282395931132E+04, 1.590903989990E+04, 2.141197980281E+04, 4.282395960561E+03, 1.284718779339E+03, 2.141197965566E+03, 1.712958384225E+04, 2.141197994996E+03
"t257", 4.368043852697E+04, 1.622722069790E+04, 2.184021940328E+04, 4.368043880655E+03, 1.310413155809E+03, 2.184021926349E+03, 1.747217552262E+04, 2.184021954307E+03
"t258", 4.455404732547E+04, 1.655176511186E+04, 2.227702379554E+04, 4.455404759107E+03, 1.336621419764E+03, 2.227702366273E+03, 1.782161903643E+04, 2.227702392834E+03
"t259", 4.544512829854E+04, 1.688280041409E+04, 2.272256427543E+04, 4.544512855086E+03, 1.363353848956E+03, 2.272256414927E+03, 1.817805142035E+04, 2.272256440159E+03
"t260", 4.635403088974E+04, 1.722045642237E+04, 2.317701556472E+04, 4.635403112945E+03, 1.390620926692E+03, 2.317701544487E+03, 1.854161245178E+04, 2.317701568458E+03
"t261", 4.728111153151E+04, 1.756486555082E+04, 2.364055587961E+04, 4.728111175923E+03, 1.418433345945E+03, 2.364055576575E+03, 1.891244470369E+04, 2.364055599348E+03
"t262", 4.822673378491E+04, 1.791616286184E+04, 2.411336700062E+04, 4.822673400125E+03, 1.446802013547E+03, 2.411336689246E+03, 1.929069360050E+04, 2.411336710879E+03
"t263", 4.919126848224E+04, 1.827448611907E+04, 2.459563434388E+04, 4.919126868776E+03, 1.475738054467E+03, 2.459563424112E+03, 1.967650747510E+04, 2.459563444664E+03
"t264", 5.017509387244E+04, 1.863997584146E+04, 2.508754703384E+04, 5.017509406768E+03, 1.505252816173E+03, 2.508754693622E+03, 2.007003762707E+04, 2.508754713146E+03
"t265", 5.117859576941E+04, 1.901277535829E+04, 2.558929797745E+04, 5.117859595489E+03, 1.535357873082E+03, 2.558929788471E+03, 2.047143838196E+04, 2.558929807019E+03
"t266", 5.220216770335E+04, 1.939303086545E+04, 2.610108393978E+04, 5.220216787956E+03, 1.566065031100E+03, 2.610108385167E+03, 2.088086715182E+04, 2.610108402788E+03
"t267", 5.324621107504E+04, 1.978089148276E+04, 2.662310562122E+04, 5.324621124243E+03, 1.597386332251E+03, 2.662310553752E+03, 2.129848449697E+04, 2.662310570491E+03
"t268", 5.431113531328E+04, 2.017650931242E+04, 2.715556773615E+04, 5.431113547230E+03, 1.629334059398E+03, 2.715556765664E+03, 2.172445418892E+04, 2.715556781566E+03
"t269", 5.539735803544E+04, 2.058003949866E+04, 2.769867909326E+04, 5.539735818652E+03, 1.661920741063E+03, 2.769867901772E+03, 2.215894327461E+04, 2.769867916880E+03
"t270", 5.650530521126E+04, 2.099164028864E+04, 2.825265267739E+04, 5.650530535478E+03, 1.695159156338E+03, 2.825265260563E+03, 2.260212214191E+04, 2.825265274915E+03
"t271", 5.763541132984E+04, 2.141147309441E+04, 2.881770573309E+04, 5.763541146618E+03, 1.729062339895E+03, 2.881770566492E+03, 2.305416458647E+04, 2.881770580126E+03
"t272", 5.878811957007E+04, 2.183970255630E+04, 2.939405984980E+04, 5.878811969960E+03, 1.763643587102E+03, 2.939405978503E+03, 2.351524787984E+04, 2.939405991456E+03
"t273", 5.996388197442E+04, 2.227649660742E+04, 2.998194104874E+04, 5.996388209748E+03, 1.798916459233E+03, 2.998194098721E+03, 2.398555283899E+04, 2.998194111026E+03
"t274", 6.116315962622E+04, 2.272202653957E+04, 3.058157987156E+04, 6.116315974312E+03, 1.834894788787E+03, 3.058157981311E+03, 2.446526389725E+04, 3.058157993001E+03
"t275", 6.238642283043E+04, 2.317646707036E+04, 3.119321147074E+04, 6.238642294149E+03, 1.871592684913E+03, 3.119321141522E+03, 2.495456917659E+04, 3.119321152627E+03
"t276", 6.363415129815E+04, 2.363999641177E+04, 3.181707570182E+04, 6.363415140365E+03, 1.909024538944E+03, 3.181707564907E+03, 2.545366056146E+04, 3.181707575457E+03
"t277", 6.490683433466E+04, 2.411279634001E+04, 3.245341721744E+04, 6.490683443489E+03, 1.947205030040E+03, 3.245341716733E+03, 2.596273377395E+04, 3.245341726756E+03
"t278", 6.620497103137E+04, 2.459505226681E+04, 3.310248556329E+04, 6.620497112659E+03, 1.986149130941E+03, 3.310248551569E+03, 2.648198845064E+04, 3.310248561090E+03
"t279", 6.752907046152E+04, 2.508695331214E+04, 3.376453527599E+04, 6.752907055198E+03, 2.025872113846E+03, 3.376453523076E+03, 2.701162822079E+04, 3.376453532122E+03
"t280", 6.887965187980E+04, 2.558869237839E+04, 3.443982598287E+04, 6.887965196573E+03, 2.066389556394E+03, 3.443982593990E+03, 2.755186078629E+04, 3.443982602583E+03
"t281", 7.025724492599E+04, 2.610046622595E+04, 3.512862250381E+04, 7.025724500762E+03, 2.107717347780E+03, 3.512862246299E+03, 2.810289800305E+04, 3.512862254463E+03
"t282", 7.166238983267E+04, 2.662247555047E+04, 3.583119495511E+04, 7.166238991023E+03, 2.149871694980E+03, 3.583119491634E+03, 2.866495596409E+04, 3.583119499389E+03
"t283", 7.309563763708E+04, 2.715492506148E+04, 3.654781885538E+04, 7.309563771076E+03, 2.192869129112E+03, 3.654781881854E+03, 2.923825508430E+04, 3.654781889222E+03
"t284", 7.455755039719E+04, 2.769802356271E+04, 3.727877523359E+04, 7.455755046718E+03, 2.236726511916E+03, 3.727877519859E+03, 2.982302018687E+04, 3.727877526859E+03
"t285", 7.604870141213E+04, 2.825198403397E+04, 3.802435073931E+04, 7.604870147863E+03, 2.281461042364E+03, 3.802435070607E+03, 3.041948059145E+04, 3.802435077256E+03
"t286", 7.756967544702E+04, 2.881702371465E+04, 3.878483775510E+04, 7.756967551019E+03, 2.327090263411E+03, 3.878483772351E+03, 3.102787020408E+04, 3.878483778668E+03
"t287", 7.912106896228E+04, 2.939336418894E+04, 3.956053451115E+04, 7.912106902229E+03, 2.373632068868E+03, 3.956053448114E+03, 3.164842760892E+04, 3.956053454115E+03
"t288", 8.070349034753E+04, 2.998123147272E+04, 4.035174520227E+04, 8.070349040454E+03, 2.421104710426E+03, 4.035174517376E+03, 3.228139616182E+04, 4.035174523077E+03
"t289", 8.231756016018E+04, 3.058085610217E+04, 4.115878010717E+04, 8.231756021434E+03, 2.469526804805E+03, 4.115878008009E+03, 3.292702408574E+04, 4.115878013425E+03
"t290", 8.396391136880E+04, 3.119247322421E+04, 4.198195571013E+04, 8.396391142025E+03, 2.518917341064E+03, 4.198195568440E+03, 3.358556456810E+04, 4.198195573585E+03
"t291", 8.564318960132E+04, 3.181632268870E+04, 4.282159482510E+04, 8.564318965020E+03, 2.569295688040E+03, 4.282159480066E+03, 3.425727586008E+04, 4.282159484954E+03
"t292", 8.735605339823E+04, 3.245264914247E+04, 4.367802672233E+04, 8.735605344467E+03, 2.620681601947E+03, 4.367802669912E+03, 3.494242137787E+04, 4.367802674555E+03
"t293", 8.910317447084E+04, 3.310170212532E+04, 4.455158725748E+04, 8.910317451496E+03, 2.673095234125E+03, 4.455158723542E+03, 3.564126980598E+04, 4.455158727953E+03
"t294", 9.088523796467E+04, 3.376373616783E+04, 4.544261900329E+04, 9.088523800658E+03, 2.726557138940E+03, 4.544261898234E+03, 3.635409520263E+04, 4.544261902424E+03
"t295", 9.270294272816E+04, 3.443901089119E+04, 4.635147138398E+04, 9.270294276797E+03, 2.781088281845E+03, 4.635147136408E+03, 3.708117710719E+04, 4.635147140389E+03
"t296", 9.455700158670E+04, 3.512779110901E+04, 4.727850081226E+04, 9.455700162452E+03, 2.836710047601E+03, 4.727850079335E+03, 3.782280064981E+04, 4.727850083117E+03
"t297", 9.644814162222E+04, 3.583034693119E+04, 4.822407082907E+04, 9.644814165815E+03, 2.893444248666E+03, 4.822407081111E+03, 3.857925666326E+04, 4.822407084704E+03
"t298", 9.837710445825E+04, 3.654695386981E+04, 4.918855224619E+04, 9.837710449239E+03, 2.951313133748E+03, 4.918855222913E+03, 3.935084179695E+04, 4.918855226326E+03
"t299", 1.003446465508E+05, 3.727789294721E+04, 5.017232329163E+04, 1.003446465833E+04, 3.010339396525E+03, 5.017232327542E+03, 4.013785863330E+04, 5.017232330784E+03
"t300", 1.023515394851E+05, 3.802345080615E+04, 5.117576975795E+04, 1.023515395159E+04, 3.070546184553E+03, 5.117576974255E+03, 4.094061580636E+04, 5.117576977335E+03
"t301", 1.043985702779E+05, 3.878391982228E+04, 5.219928515357E+04, 1.043985703071E+04, 3.131957108336E+03, 5.219928513894E+03, 4.175942812286E+04, 5.219928516820E+03
"t302", 1.064865416864E+05, 3.955959821872E+04, 5.324327085708E+04, 1.064865417142E+04, 3.194596250591E+03, 5.324327084318E+03, 4.259461668566E+04, 5.324327087098E+03
"t303", 1.086162725229E+05, 4.035079018310E+04, 5.430813627464E+04, 1.086162725493E+04, 3.258488175686E+03, 5.430813626143E+03, 4.344650901971E+04, 5.430813628784E+03
"t304", 1.107885979760E+05, 4.115780598676E+04, 5.539429900053E+04, 1.107885980011E+04, 3.323657939279E+03, 5.539429898798E+03, 4.431543920042E+04, 5.539429901307E+03
"t305", 1.130043699380E+05, 4.198096210649E+04, 5.650218498091E+04, 1.130043699618E+04, 3.390131098140E+03, 5.650218496900E+03, 4.520174798473E+04, 5.650218499283E+03
"t306", 1.152644573391E+05, 4.282058134862E+04, 5.763222868089E+04, 1.152644573618E+04, 3.457933720174E+03, 5.763222866957E+03, 4.610578294471E+04, 5.763222869221E+03
"t307", 1.175697464882E+05, 4.367699297560E+04, 5.878487325485E+04, 1.175697465097E+04, 3.527092394645E+03, 5.878487324409E+03, 4.702789860388E+04, 5.878487326560E+03
"t308", 1.199211414201E+05, 4.455053283511E+04, 5.996057072027E+04, 1.199211414405E+04, 3.597634242603E+03, 5.996057071005E+03, 4.796845657621E+04, 5.996057073048E+03
"t309", 1.223195642505E+05, 4.544154349181E+04, 6.115978213498E+04, 1.223195642700E+04, 3.669586927516E+03, 6.115978212527E+03, 4.892782570798E+04, 6.115978214469E+03
"t310", 1.247659555375E+05, 4.635037436165E+04, 6.238297777797E+04, 1.247659555559E+04, 3.742978666125E+03, 6.238297776875E+03, 4.990638222238E+04, 6.238297778719E+03
"t311", 1.272612746501E+05, 4.727738184888E+04, 6.363063733381E+04, 1.272612746676E+04, 3.817838239503E+03, 6.363063732504E+03, 5.090450986704E+04, 6.363063734257E+03
"t312", 1.298065001448E+05, 4.822292948586E+04, 6.490325008074E+04, 1.298065001615E+04, 3.894195004345E+03, 6.490325007242E+03, 5.192260006460E+04, 6.490325008907E+03
"t313", 1.324026301494E+05, 4.918738807557E+04, 6.620131508261E+04, 1.324026301652E+04, 3.972078904482E+03, 6.620131507470E+03, 5.296105206609E+04, 6.620131509052E+03
"t314", 1.350506827540E+05, 5.017113583709E+04, 6.752534138450E+04, 1.350506827690E+04, 4.051520482619E+03, 6.752534137699E+03, 5.402027310760E+04, 6.752534139201E+03
"t315", 1.377516964106E+05, 5.117455855383E+04, 6.887584821241E+04, 1.377516964248E+04, 4.132550892317E+03, 6.887584820528E+03, 5.510067856993E+04, 6.887584821955E+03
"t316", 1.405067303402E+05, 5.219804972490E+04, 7.025336517688E+04, 1.405067303538E+04, 4.215201910206E+03, 7.025336517010E+03, 5.620269214150E+04, 7.025336518366E+03
"t317", 1.433168649484E+05, 5.324201071940E+04, 7.165843248062E+04, 1.433168649612E+04, 4.299505948451E+03, 7.165843247418E+03, 5.732674598449E+04, 7.165843248706E+03
"t318", 1.461832022486E+05, 5.430685093379E+04, 7.309160113042E+04, 1.461832022608E+04, 4.385496067458E+03, 7.309160112430E+03, 5.847328090434E+04, 7.309160113654E+03
"t319", 1.491068662948E+05, 5.539298795247E+04, 7.455343315321E+04, 1.491068663064E+04, 4.473205988844E+03, 7.455343314740E+03, 5.964274652257E+04, 7.455343315903E+03
"t320", 1.520890036219E+05, 5.650084771151E+04, 7.604450181645E+04, 1.520890036329E+04, 4.562670108656E+03, 7.604450181093E+03, 6.083560145316E+04, 7.604450182197E+03
"t321", 1.551307836954E+05, 5.763086466575E+04, 7.756539185295E+04, 1.551307837059E+04, 4.653923510862E+03, 7.756539184770E+03, 6.205231348236E+04, 7.756539185819E+03
"t322", 1.582333993704E+05, 5.878348195906E+04, 7.911669969016E+04, 1.582333993803E+04, 4.747001981111E+03, 7.911669968518E+03, 6.329335975213E+04, 7.911669969515E+03
"t323", 1.613980673588E+05, 5.995915159824E+04, 8.069903368412E+04, 1.613980673682E+04, 4.841942020763E+03, 8.069903367938E+03, 6.455922694729E+04, 8.069903368885E+03
"t324", 1.646260287069E+05, 6.115833463021E+04, 8.231301435794E+04, 1.646260287159E+04, 4.938780861207E+03, 8.231301435344E+03, 6.585041148635E+04, 8.231301436244E+03
"t325", 1.679185492819E+05, 6.238150132281E+04, 8.395927464523E+04, 1.679185492905E+04, 5.037556478458E+03, 8.395927464096E+03, 6.716741971619E+04, 8.395927464951E+03
"t326", 1.712769202684E+05, 6.362913134927E+04, 8.563846013827E+04, 1.712769202765E+04, 5.138307608053E+03, 8.563846013421E+03, 6.851076811061E+04, 8.563846014233E+03
"t327", 1.747024586746E+05, 6.490171397625E+04, 8.735122934115E+04, 1.747024586823E+04, 5.241073760238E+03, 8.735122933730E+03, 6.988098347292E+04, 8.735122934501E+03
"t328", 1.781965078489E+05, 6.619974825578E+04, 8.909825392809E+04, 1.781965078562E+04, 5.345895235466E+03, 8.909825392443E+03, 7.127860314247E+04, 8.909825393176E+03
"t329", 1.817604380066E+05, 6.752374322089E+04, 9.088021900677E+04, 1.817604380135E+04, 5.452813140197E+03, 9.088021900329E+03, 7.270417520541E+04, 9.088021901025E+03
"t330", 1.853956467674E+05, 6.887421808531E+04, 9.269782338701E+04, 1.853956467740E+04, 5.561869403022E+03, 9.269782338370E+03, 7.415825870960E+04, 9.269782339031E+03
"t331", 1.891035597034E+05, 7.025170244702E+04, 9.455177985484E+04, 1.891035597097E+04, 5.673106791102E+03, 9.455177985170E+03, 7.564142388388E+04, 9.455177985799E+03
"t332", 1.928856308981E+05, 7.165673649596E+04, 9.644281545204E+04, 1.928856309041E+04, 5.786568926943E+03, 9.644281544905E+03, 7.715425236163E+04, 9.644281545502E+03
"t333", 1.967433435167E+05, 7.308987122588E+04, 9.837167176117E+04, 1.967433435223E+04, 5.902300305500E+03, 9.837167175833E+03, 7.869733740893E+04, 9.837167176400E+03
"t334", 2.006782103876E+05, 7.455166865039E+04, 1.003391051965E+05, 2.006782103929E+04, 6.020346311627E+03, 1.003391051938E+04, 8.027128415718E+04, 1.003391051992E+04
"t335", 2.046917745959E+05, 7.604270202340E+04, 1.023458873005E+05, 2.046917746010E+04, 6.140753237876E+03, 1.023458872979E+04, 8.187670984039E+04, 1.023458873030E+04
"t336", 2.087856100883E+05, 7.756355606387E+04, 1.043928050466E+05, 2.087856100931E+04, 6.263568302648E+03, 1.043928050441E+04, 8.351424403726E+04, 1.043928050490E+04
"t337", 2.129613222905E+05, 7.911482718515E+04, 1.064806611476E+05, 2.129613222952E+04, 6.388839668716E+03, 1.064806611453E+04, 8.518452891806E+04, 1.064806611499E+04
"t338", 2.172205487368E+05, 8.069712372885E+04, 1.086102743706E+05, 2.172205487412E+04, 6.516616462104E+03, 1.086102743684E+04, 8.688821949648E+04, 1.086102743728E+04
"t339", 2.215649597120E+05, 8.231106620343E+04, 1.107824798581E+05, 2.215649597161E+04, 6.646948791359E+03, 1.107824798560E+04, 8.862598388646E+04, 1.107824798602E+04
"t340", 2.259962589066E+05, 8.395728752750E+04, 1.129981294553E+05, 2.259962589106E+04, 6.779887767199E+03, 1.129981294533E+04, 9.039850356424E+04, 1.129981294573E+04
"t341", 2.305161840852E+05, 8.563643327805E+04, 1.152580920445E+05, 2.305161840889E+04, 6.915485522555E+03, 1.152580920426E+04, 9.220647363557E+04, 1.152580920463E+04
"t342", 2.351265077672E+05, 8.734916194361E+04, 1.175632538854E+05, 2.351265077708E+04, 7.053795233017E+03, 1.175632538836E+04, 9.405060310833E+04, 1.175632538872E+04
"t343", 2.398290379229E+05, 8.909614518248E+04, 1.199145189632E+05, 2.398290379263E+04, 7.194871137688E+03, 1.199145189615E+04, 9.593161517054E+04, 1.199145189649E+04
"t344", 2.446256186817E+05, 9.087806808613E+04, 1.223128093425E+05, 2.446256186850E+04, 7.338768560452E+03, 1.223128093409E+04, 9.785024747399E+04, 1.223128093441E+04
"t345", 2.495181310557E+05, 9.269562944785E+04, 1.247590655294E+05, 2.495181310588E+04, 7.485543931671E+03, 1.247590655279E+04, 9.980725242351E+04, 1.247590655309E+04
"t346", 2.545084936771E+05, 9.454954203681E+04, 1.272542468400E+05, 2.545084936800E+04, 7.635254810314E+03, 1.272542468386E+04, 1.018033974720E+05, 1.272542468415E+04
"t347", 2.595986635510E+05, 9.644053287754E+04, 1.297993317769E+05, 2.595986635537E+04, 7.787959906529E+03, 1.297993317755E+04, 1.038394654215E+05, 1.297993317782E+04
"t348", 2.647906368223E+05, 9.836934353509E+04, 1.323953184124E+05, 2.647906368249E+04, 7.943719104668E+03, 1.323953184111E+04, 1.059162547300E+05, 1.323953184138E+04
"t349", 2.700864495590E+05, 1.003367304058E+05, 1.350432247807E+05, 2.700864495615E+04, 8.102593486769E+03, 1.350432247795E+04, 1.080345798246E+05, 1.350432247820E+04
"t350", 2.754881785504E+05, 1.023434650139E+05, 1.377440892764E+05, 2.754881785528E+04, 8.264645356512E+03, 1.377440892752E+04, 1.101952714211E+05, 1.377440892776E+04
"t351", 2.809979421216E+05, 1.043903343142E+05, 1.404989710619E+05, 2.809979421239E+04, 8.429938263649E+03, 1.404989710608E+04, 1.123991768496E+05, 1.404989710631E+04
"t352", 2.866179009643E+05, 1.064781410005E+05, 1.433089504832E+05, 2.866179009664E+04, 8.598537028929E+03, 1.433089504821E+04, 1.146471603866E+05, 1.433089504843E+04
"t353", 2.923502589838E+05, 1.086077038205E+05, 1.461751294929E+05, 2.923502589858E+04, 8.770507769514E+03, 1.461751294919E+04, 1.169401035943E+05, 1.461751294939E+04
"t354", 2.981972641637E+05, 1.107798578969E+05, 1.490986320828E+05, 2.981972641656E+04, 8.945917924910E+03, 1.490986320818E+04, 1.192789056662E+05, 1.490986320838E+04
"t355", 3.041612094471E+05, 1.129954550548E+05, 1.520806047245E+05, 3.041612094490E+04, 9.124836283414E+03, 1.520806047236E+04, 1.216644837796E+05, 1.520806047254E+04
"t356", 3.102444336363E+05, 1.152553641559E+05, 1.551222168190E+05, 3.102444336380E+04, 9.307333009088E+03, 1.551222168181E+04, 1.240977734552E+05, 1.551222168199E+04
"t357", 3.164493223092E+05, 1.175604714390E+05, 1.582246611554E+05, 3.164493223108E+04, 9.493479669275E+03, 1.582246611546E+04, 1.265797289243E+05, 1.582246611562E+04
"t358", 3.227783087555E+05, 1.199116808678E+05, 1.613891543785E+05, 3.227783087571E+04, 9.683349262665E+03, 1.613891543778E+04, 1.291113235028E+05, 1.613891543793E+04
"t359", 3.292338749308E+05, 1.223099144852E+05, 1.646169374661E+05, 3.292338749323E+04, 9.877016247923E+03, 1.646169374654E+04, 1.316935499729E+05, 1.646169374669E+04
"t360", 3.358185524295E+05, 1.247561127749E+05, 1.679092762155E+05, 3.358185524310E+04, 1.007455657289E+04, 1.679092762148E+04, 1.343274209724E+05, 1.679092762162E+04
"t361", 3.425349234783E+05, 1.272512350304E+05, 1.712674617398E+05, 3.425349234796E+04, 1.027604770435E+04, 1.712674617391E+04, 1.370139693918E+05, 1.712674617405E+04
"t362", 3.493856219480E+05, 1.297962597310E+05, 1.746928109746E+05, 3.493856219493E+04, 1.048156865844E+04, 1.746928109740E+04, 1.397542487797E+05, 1.746928109753E+04
"t363", 3.563733343871E+05, 1.323921849256E+05, 1.781866671941E+05, 3.563733343883E+04, 1.069120003161E+04, 1.781866671935E+04, 1.425493337553E+05, 1.781866671947E+04
"t364", 3.635008010749E+05, 1.350400286241E+05, 1.817504005380E+05, 3.635008010761E+04, 1.090502403225E+04, 1.817504005375E+04, 1.454003204304E+05, 1.817504005386E+04
"t365", 3.707708170965E+05, 1.377408291966E+05, 1.853854085488E+05, 3.707708170976E+04, 1.112312451290E+04, 1.853854085483E+04, 1.483083268391E+05, 1.853854085494E+04
"t366", 3.781862334386E+05, 1.404956457805E+05, 1.890931167198E+05, 3.781862334396E+04, 1.134558700316E+04, 1.890931167193E+04, 1.512744933758E+05, 1.890931167203E+04
"t367", 3.857499581075E+05, 1.433055586962E+05, 1.928749790542E+05, 3.857499581084E+04, 1.157249874322E+04, 1.928749790537E+04, 1.542999832434E+05, 1.928749790547E+04
"t368", 3.934649572697E+05, 1.461716698701E+05, 1.967324786353E+05, 3.934649572706E+04, 1.180394871809E+04, 1.967324786349E+04, 1.573859829083E+05, 1.967324786358E+04
"t369", 4.013342564152E+05, 1.490951032675E+05, 2.006671282080E+05, 4.013342564161E+04, 1.204002769246E+04, 2.006671282076E+04, 1.605337025664E+05, 2.006671282085E+04
"t370", 4.093609415436E+05, 1.520770053328E+05, 2.046804707722E+05, 4.093609415444E+04, 1.228082824631E+04, 2.046804707718E+04, 1.637443766178E+05, 2.046804707726E+04
"t371", 4.175481603745E+05, 1.551185454395E+05, 2.087740801877E+05, 4.175481603754E+04, 1.252644481124E+04, 2.087740801873E+04, 1.670192641501E+05, 2.087740801881E+04
"t372", 4.258991235821E+05, 1.582209163483E+05, 2.129495617914E+05, 4.258991235829E+04, 1.277697370746E+04, 2.129495617911E+04, 1.703596494332E+05, 2.129495617918E+04
"t373", 4.344171060538E+05, 1.613853346752E+05, 2.172085530273E+05, 4.344171060546E+04, 1.303251318162E+04, 2.172085530269E+04, 1.737668424218E+05, 2.172085530276E+04
"t374", 4.431054481750E+05, 1.646130413687E+05, 2.215527240878E+05, 4.431054481757E+04, 1.329316344525E+04, 2.215527240875E+04, 1.772421792703E+05, 2.215527240882E+04
"t375", 4.519675571386E+05, 1.679053021961E+05, 2.259837785696E+05, 4.519675571392E+04, 1.355902671416E+04, 2.259837785693E+04, 1.807870228557E+05, 2.259837785699E+04
"t376", 4.610069082814E+05, 1.712634082400E+05, 2.305034541410E+05, 4.610069082820E+04, 1.383020724844E+04, 2.305034541407E+04, 1.844027633128E+05, 2.305034541413E+04
"t377", 4.702270464471E+05, 1.746886764048E+05, 2.351135232238E+05, 4.702270464477E+04, 1.410681139341E+04, 2.351135232235E+04, 1.880908185791E+05, 2.351135232241E+04
"t378", 4.796315873761E+05, 1.781824499329E+05, 2.398157936883E+05, 4.796315873766E+04, 1.438894762128E+04, 2.398157936880E+04, 1.918526349507E+05, 2.398157936886E+04
"t379", 4.892242191237E+05, 1.817460989316E+05, 2.446121095621E+05, 4.892242191242E+04, 1.467672657371E+04, 2.446121095618E+04, 1.956896876497E+05, 2.446121095624E+04
"t380", 4.990087035062E+05, 1.853810209102E+05, 2.495043517533E+05, 4.990087035067E+04, 1.497026110519E+04, 2.495043517531E+04, 1.996034814027E+05, 2.495043517536E+04
"t381", 5.089888775764E+05, 1.890886413284E+05, 2.544944387884E+05, 5.089888775768E+04, 1.526966632729E+04, 2.544944387882E+04, 2.035955510307E+05, 2.544944387887E+04
"t382", 5.191686551279E+05, 1.928704141550E+05, 2.595843275642E+05, 5.191686551284E+04, 1.557505965384E+04, 2.595843275640E+04, 2.076674620514E+05, 2.595843275644E+04
"t383", 5.295520282305E+05, 1.967278224381E+05, 2.647760141155E+05, 5.295520282310E+04, 1.588656084692E+04, 2.647760141153E+04, 2.118208112924E+05, 2.647760141157E+04
"t384", 5.401430687952E+05, 2.006623788869E+05, 2.700715343978E+05, 5.401430687956E+04, 1.620429206386E+04, 2.700715343976E+04, 2.160572275182E+05, 2.700715343980E+04
"t385", 5.509459301711E+05, 2.046756264646E+05, 2.754729650858E+05, 5.509459301715E+04, 1.652837790513E+04, 2.754729650856E+04, 2.203783720686E+05, 2.754729650860E+04
"t386", 5.619648487746E+05, 2.087691389939E+05, 2.809824243875E+05, 5.619648487750E+04, 1.685894546324E+04, 2.809824243873E+04, 2.247859395100E+05, 2.809824243877E+04
"t387", 5.732041457501E+05, 2.129445217738E+05, 2.866020728752E+05, 5.732041457505E+04, 1.719612437250E+04, 2.866020728751E+04, 2.292816583002E+05, 2.866020728754E+04
"t388", 5.846682286652E+05, 2.172034122092E+05, 2.923341143328E+05, 5.846682286655E+04, 1.754004685996E+04, 2.923341143326E+04, 2.338672914662E+05, 2.923341143329E+04
"t389", 5.963615932385E+05, 2.215474804534E+05, 2.981807966194E+05, 5.963615932388E+04, 1.789084779716E+04, 2.981807966193E+04, 2.385446372955E+05, 2.981807966196E+04
"t390", 6.082888251033E+05, 2.259784300625E+05, 3.041444125518E+05, 6.082888251036E+04, 1.824866475310E+04, 3.041444125517E+04, 2.433155300414E+05, 3.041444125520E+04
"t391", 6.204546016054E+05, 2.304979986637E+05, 3.102273008028E+05, 6.204546016057E+04, 1.861363804816E+04, 3.102273008027E+04, 2.481818406423E+05, 3.102273008030E+04
"t392", 6.328636936375E+05, 2.351079586370E+05, 3.164318468189E+05, 6.328636936378E+04, 1.898591080913E+04, 3.164318468188E+04, 2.531454774551E+05, 3.164318468190E+04
"t393", 6.455209675103E+05, 2.398101178098E+05, 3.227604837553E+05, 6.455209675106E+04, 1.936562902531E+04, 3.227604837552E+04, 2.582083870042E+05, 3.227604837554E+04
"t394", 6.584313868606E+05, 2.446063201660E+05, 3.292156934304E+05, 6.584313868608E+04, 1.975294160582E+04, 3.292156934303E+04, 2.633725547443E+05, 3.292156934305E+04
"t395", 6.716000145978E+05, 2.494984465693E+05, 3.358000072990E+05, 6.716000145980E+04, 2.014800043793E+04, 3.358000072989E+04, 2.686400058392E+05, 3.358000072991E+04
"t396", 6.850320148898E+05, 2.544884155007E+05, 3.425160074450E+05, 6.850320148900E+04, 2.055096044669E+04, 3.425160074449E+04, 2.740128059560E+05, 3.425160074451E+04
"t397", 6.987326551876E+05, 2.595781838107E+05, 3.493663275939E+05, 6.987326551878E+04, 2.096197965563E+04, 3.493663275938E+04, 2.794930620751E+05, 3.493663275940E+04
"t398", 7.127073082914E+05, 2.647697474869E+05, 3.563536541458E+05, 7.127073082916E+04, 2.138121924874E+04, 3.563536541457E+04, 2.850829233166E+05, 3.563536541459E+04
"t399", 7.269614544572E+05, 2.700651424366E+05, 3.634807272287E+05, 7.269614544574E+04, 2.180884363372E+04, 3.634807272286E+04, 2.907845817830E+05, 3.634807272288E+04
"t400", 7.415006835464E+05, 2.754664452854E+05, 3.707503417733E+05, 7.415006835466E+04, 2.224502050639E+04, 3.707503417732E+04, 2.966002734186E+05, 3.707503417734E+04
